// Constants	// Constants
// Terminal helpers	// Terminal helpers
// Interactive prompts	// Interactive prompts
// Banner	// Banner
// Argument parsing	// Argument parsing
// Environment checks	// Environment checks
// Download helpers	// Download helpers
// Installation steps	// Installation steps
// Completion message	// Completion message
// Main	// Main
// Try `composer` in PATH	// Try `composer` in PATH
// Try local composer.phar	// Try local composer.phar
// Checksum verification	// Checksum verification
// Extract	// Extract
// Fallback to unzip command	// Fallback to unzip command
// Detect if the archive has a top-level directory	// Detect if the archive has a top-level directory
// Move files from nested directory to target	// Move files from nested directory to target
// Ensure target directory exists	// Ensure target directory exists
// Move all files	// Move all files
// Clean up extracted directory	// Clean up extracted directory
// Generate APP_KEY	// Generate APP_KEY
// Make storage and bootstrap/cache group-writable	// Make storage and bootstrap/cache group-writable
// Remove script name from args	// Remove script name from args
// Remove the `--` separator that `php -- --opt` passes through	// Remove the `--` separator that `php -- --opt` passes through
 * Determine whether the terminal supports colour output.	 * Determine whether the terminal supports colour output.
 * Print an error and exit with a non-zero status.	 * Print an error and exit with a non-zero status.
 * Detect whether STDIN is attached to a terminal (so prompts make sense).	 * Detect whether STDIN is attached to a terminal (so prompts make sense).
 * Read a line from STDIN, returning the default if empty.	 * Read a line from STDIN, returning the default if empty.
 * Yes/no prompt. $default is the value used on empty input or when not interactive.	 * Yes/no prompt. $default is the value used on empty input or when not interactive.
 * Resolve a (possibly empty / relative) path to an absolute path with no trailing slash.	 * Resolve a (possibly empty / relative) path to an absolute path with no trailing slash.
 * Resolve the Composer binary path.	 * Resolve the Composer binary path.
 * Fetch the latest release version from the GitHub API.	 * Fetch the latest release version from the GitHub API.
 * Download a file with a progress indicator.	 * Download a file with a progress indicator.
 * Verify the SHA-256 checksum of a downloaded file.	 * Verify the SHA-256 checksum of a downloaded file.
 * Recursively remove a directory.	 * Recursively remove a directory.
 * Install Dixlase via "composer create-project". Streams Composer's output live.	 * Install Dixlase via "composer create-project". Streams Composer's output live.
 * Returns true on success; false lets the caller decide whether to fall back.	 * Returns true on success; false lets the caller decide whether to fall back.
 * Recursively set permissions on files and directories.	 * Recursively set permissions on files and directories.
Checking PHP version	Checking PHP version
Checking PHP extensions	Checking PHP extensions
Missing PHP extensions: 	Missing PHP extensions: 
  Install them and try again. For example (Debian/Ubuntu):	  Install them and try again. For example (Debian/Ubuntu):
All required extensions are installed (	All required extensions are installed (
 checked)	 checked)
Checking Composer	Checking Composer
Found local composer.phar	Found local composer.phar
Fetching latest release information	Fetching latest release information
Could not fetch release information from GitHub. Check your network connection.	Could not fetch release information from GitHub. Check your network connection.
Unexpected API response from GitHub.	Unexpected API response from GitHub.
Latest version: 	Latest version: 
    Downloaded: 	    Downloaded: 
Checksum file not available — skipping verification.	Checksum file not available — skipping verification.
Checksum verified (SHA-256)	Checksum verified (SHA-256)
Checksum mismatch!	Checksum mismatch!
File not listed in checksum file — skipping verification.	File not listed in checksum file — skipping verification.
Downloading Dixlase v	Downloading Dixlase v
Failed to download 	Failed to download 
Download verification failed. The file may have been tampered with.	Download verification failed. The file may have been tampered with.
Extracting files	Extracting files
Failed to extract ZIP archive. Install the php-zip extension or the unzip command.	Failed to extract ZIP archive. Install the php-zip extension or the unzip command.
Failed to open ZIP archive.	Failed to open ZIP archive.
Files extracted to 	Files extracted to 
Installing Dixlase via composer create-project	Installing Dixlase via composer create-project
Failed to launch Composer.	Failed to launch Composer.
composer create-project failed (exit code 	composer create-project failed (exit code 
Dixlase installed via Composer	Dixlase installed via Composer
Installing dependencies via Composer	Installing dependencies via Composer
Failed to run Composer. Please run it manually: composer install --no-dev --optimize-autoloader	Failed to run Composer. Please run it manually: composer install --no-dev --optimize-autoloader
Composer install failed (exit code 	Composer install failed (exit code 
). Check the output above for errors.	). Check the output above for errors.
Dependencies installed	Dependencies installed
Setting up environment	Setting up environment
.env.example not found. The download may be incomplete.	.env.example not found. The download may be incomplete.
Failed to copy .env.example to .env	Failed to copy .env.example to .env
.env file created	.env file created
Application key generated	Application key generated
Could not generate application key. Run: php artisan key:generate	Could not generate application key. Run: php artisan key:generate
artisan not found — skipping key generation.	artisan not found — skipping key generation.
Setting permissions	Setting permissions
Permissions set for storage/ and bootstrap/cache/	Permissions set for storage/ and bootstrap/cache/
Storage symlink created	Storage symlink created
Could not create storage symlink. Run: php artisan storage:link	Could not create storage symlink. Run: php artisan storage:link
Composer is required for --method=composer but was not found.	Composer is required for --method=composer but was not found.
  Install Composer:	  Install Composer:
  Or re-run with 	  Or re-run with 
 to use the ZIP fallback.	 to use the ZIP fallback.
Composer not found — the ZIP path will skip "composer install".	Composer not found — the ZIP path will skip "composer install".
You will need to run it yourself before the site can boot.	You will need to run it yourself before the site can boot.
Falling back to the ZIP delivery path.	Falling back to the ZIP delivery path.
Skipping Composer install	Skipping Composer install
Remember to run: composer install --no-dev --optimize-autoloader	Remember to run: composer install --no-dev --optimize-autoloader
Cancelled by user.	Cancelled by user.
Installation directory	Installation directory
Proceed with installation?	Proceed with installation?
  Method:    	  Method:    
  Directory: 	  Directory: 
  Version:   	  Version:   
Cannot create directory: 	Cannot create directory: 
Directory is not writable: 	Directory is not writable: 
Invalid --method value: 	Invalid --method value: 
 (expected auto, composer, or zip)	 (expected auto, composer, or zip)
Usage:	Usage:
Options:	Options:
  --dir=PATH          Installation directory (default: current directory)	  --dir=PATH          Installation directory (default: current directory)
  --version=X.X.X     Install a specific version (default: latest)	  --version=X.X.X     Install a specific version (default: latest)
  --method=MODE       Delivery method: auto, composer, or zip (default: auto)	  --method=MODE       Delivery method: auto, composer, or zip (default: auto)
  --no-composer       Skip "composer install" in the zip fallback path	  --no-composer       Skip "composer install" in the zip fallback path
  --non-interactive   Disable prompts even when STDIN is a terminal	  --non-interactive   Disable prompts even when STDIN is a terminal
  -y, --yes           Auto-confirm every prompt	  -y, --yes           Auto-confirm every prompt
  -h, --help          Show this help message	  -h, --help          Show this help message
            Dixlase Installer             	            Dixlase Installer             
      Installation Complete!              	      Installation Complete!              
  Dixlase has been installed to:	  Dixlase has been installed to:
  Next steps:	  Next steps:
  1. Point your web server document root to:	  1. Point your web server document root to:
  2. Open your browser and visit your site URL.	  2. Open your browser and visit your site URL.
'     The ' . bold('Installation Wizard') . ' will guide you through:'	'     The ' . bold('Installation Wizard') . ' will guide you through:'
     • Database configuration	     • Database configuration
     • Admin account creation	     • Admin account creation
     • Mail server settings	     • Mail server settings
  Documentation: https://docs.dixlase.com	  Documentation: https://docs.dixlase.com
  Support:       https://github.com/	  Support:       https://github.com/
/issues	/issues
// GitHub authentication	// GitHub authentication
 * Read the GitHub token from the environment (used for private-repo installs).	 * Read the GitHub token from the environment (used for private-repo installs).
 * DIXLASE_GITHUB_TOKEN takes precedence over the conventional GITHUB_TOKEN.	 * DIXLASE_GITHUB_TOKEN takes precedence over the conventional GITHUB_TOKEN.
 * Decide whether the token may be sent to a given host. The token is attached	 * Decide whether the token may be sent to a given host. The token is attached
 * only to GitHub hosts, or to a host explicitly configured through the URL	 * only to GitHub hosts, or to a host explicitly configured through the URL
 * override env vars, so it can never leak to an unrelated mirror.	 * override env vars, so it can never leak to an unrelated mirror.
 * Build the HTTP request header block for a request to $url. An Authorization	 * Build the HTTP request header block for a request to $url. An Authorization
 * header is appended when a token is set and the host is allowed to receive it.	 * header is appended when a token is set and the host is allowed to receive it.
// Private repo: resolve the package straight from its Git VCS rather	// Private repo: resolve the package straight from its Git VCS rather
// than Packagist, and hand Composer the token via COMPOSER_AUTH (passed	// than Packagist, and hand Composer the token via COMPOSER_AUTH (passed
// through the environment so it never appears in the process list).	// through the environment so it never appears in the process list).
// Allow dev versions for private installs (untagged branches). With	// Allow dev versions for private installs (untagged branches). With
// prefer-stable still in effect on the project, tagged releases win	// prefer-stable still in effect on the project, tagged releases win
// automatically once they exist, so this stays safe long-term.	// automatically once they exist, so this stays safe long-term.
GitHub authentication	GitHub authentication
Token detected — private repository access enabled	Token detected — private repository access enabled
Environment:	Environment:
  GITHUB_TOKEN        GitHub token for installing from a private Dixlase repo	  GITHUB_TOKEN        GitHub token for installing from a private Dixlase repo
// Composer output filtering	// Composer output filtering
 * Decide whether a Composer subprocess line should be surfaced to the user.	 * Decide whether a Composer subprocess line should be surfaced to the user.
 * Lines matching the noise list are dropped from STDOUT but still recorded in	 * Lines matching the noise list are dropped from STDOUT but still recorded in
 * the install log file, so failures can be diagnosed afterwards.	 * the install log file, so failures can be diagnosed afterwards.
 * Stream a Composer subprocess to STDOUT, filtering noise, and capture the	 * Stream a Composer subprocess to STDOUT, filtering noise, and capture the
 * full output to a temporary log file so failures can be debugged.	 * full output to a temporary log file so failures can be debugged.
 * Returns the subprocess exit code. $logFile is set to the path of the log	 * Returns the subprocess exit code. $logFile is set to the path of the log
 * for the caller to display on failure (it lives under sys_get_temp_dir()).	 * for the caller to display on failure (it lives under sys_get_temp_dir()).
Full log saved to 	Full log saved to 
Check the log above for errors.	Check the log above for errors.
No GITHUB_TOKEN detected — needed if installing from a private repository.	No GITHUB_TOKEN detected — needed if installing from a private repository.
